,Holding,Security Description,Market Value,Security No.
0,44158,ABSA GROUP LTD,375877.04,BFX05H3
1,117334,ABU DHABI ISLAMIC BANK PJSC COMMON STOCK AED 1,515464.7,6001728
2,108419,ADES HOLDING CO COMMON STOCK SAR 1,371655.55,BR56KM3
3,420883,ADNOC LOGISTICS & SERVICES COMMON STOCK AED 1.983,500624.93,BRBN103
4,54131,AL RAJHI BANK COMMON STOCK SAR 10,1161252.36,B12LZH9
5,284413,ALDAR PROPERTIES PJSC COMMON STOCK AED 1,530433.75,B0LX3Y2
6,7079,ALDREES PETROLEUM AND TRANSPORT SERVICES CO COMMON STOCK SAR 10,220251.89,B128FF8
7,8779,ALKHORAYEF WATER & POWER TECHNOLOGIES CO COMMON STOCK SAR 10,267799.4,BN33QN1
8,108243,ALPHA BANK SA COMMON STOCK EUR 0.3,323306.19,BTJZ707
9,3753,ANGLOGOLD ASHANTI PLC ZAR,194355.61,BRXH266
10,41881,ARAB NATIONAL BANK COMMON STOCK SAR 10,206041.75,B12LZK2
11,69157,ARABIAN CENTRES CO COMMON STOCK SAR 10,305562.57,BKBF694
12,21418,ATHENS INTERNATIONAL AIRPORT SA COMMON STOCK EUR 1,188530.63,BPYS8N3
13,43960,BANK OF CYPRUS HOLDINGS PLC COMMON STOCK EUR 0.1,307401.54,BN2BZT5
14,548,BENEFIT SYSTEMS SA COMMON STOCK PLN 1,354361.03,B4XY9X2
15,3540,CCC SA COMMON STOCK PLN 0.1,110257.48,B04QR13
16,184728,DUBAI ISLAMIC BANK PJSC COMMON STOCK AED 1,363660.0,6283452
17,1247,ELM CO COMMON STOCK SAR 10,238662.24,BNYDSH8
18,57584,EMAAR DEVELOPMENT PJSC COMMON STOCK AED 1,176604.9,BDG1977
19,201080,EMAAR PROPERTIES PJSC COMMON STOCK AED 1,591692.98,B01RM25
20,118565,EMIRATES INTEGRATED TELECOMMUNICATIONS CO PJSC COMMON STOCK AED 1,231444.36,B13TMN7
21,118590,EUROBANK ERGASIAS SERVICES AND HOLDINGS SA COMMON STOCK EUR 0.22,339730.2,BYZ43T4
22,148327,FIRSTRAND LTD COMMON STOCK ZAR 1,535603.62,6606996
23,577525,FIX PRICE GROUP LTD GDR,4131.93,X84CF24
24,1265335,GAZPROM NEFT PJSC COMMON STOCK RUB,46610.04,X84D1F6
25,5365084,GAZPROM PJSC ADR,23741.37,X84C976
26,8860909,GAZPROM PJSC COMMON STOCK RUB,194225.79,X8C529A
27,33759,GOLD FIELDS LTD COMMON STOCK ZAR 50,1005136.59,6280215
28,1238,GRUPA KETY SA COMMON STOCK PLN 2.5,237354.73,5216385
29,22162,HALYK SAVINGS BANK OF KAZAKHSTAN JSC GDR USD,449531.76,B1KDG41
30,35872,HARMONY GOLD MINING CO LTD COMMON STOCK ZAR 50,458664.6,6410562
31,6774,JERONIMO MARTINS SGPS SA COMMON STOCK EUR 1,132823.42,B1Y1SQ7
32,1011.54,JPM USD LIQUIDITY LVNAV X (DIST.),769.91,7253766
33,10590,KASPI.KZ JSC - ADR (SPONSORED) LEVEL III,602183.58,BJY21K1
34,10233,KGHM POLSKA MIEDZ SA COMMON STOCK PLN 10,409057.72,5263251
35,1803,KRUK SA COMMON STOCK PLN 1,168841.59,B4PTLY0
36,19168,KUMBA IRON ORE LTD COMMON STOCK ZAR 0.01,290605.27,B1G4262
37,7120,LEEJAM SPORTS CO JSC COMMON STOCK SAR 10,184678.54,BF12ZV5
38,71,LPP SA COMMON STOCK PLN 2,262582.93,7127979
39,262047,LUKOIL PJSC COMMON STOCK RUB,124375.2,X84D1F5
40,362649,LUKOIL PJSC COMMON STOCK RUB 0.025 RUB,176048.21,X84C974
41,180877,MAGNIT PJSC COMMON STOCK RUB 0.01,51578.73,X8C505A
42,432517,MD MEDICAL GROUP INVESTMENTS PLC GDR USD,18764.3,X8C6397
43,9734,METLEN ENERGY & METALS PLC COMMON STOCK EUR 11,377535.1,BTQGS77
44,7119200,MMC NORILSK NICKEL PJSC COMMON STOCK RUB 1,130789.54,X84C977
45,11905,NAC KAZATOMPROM JSC GDR USD,529171.52,BGXQL36
46,15260,NASPERS LTD COMMON STOCK ZAR 2,817557.01,BV2FFX7
47,35906,NATIONAL BANK OF GREECE SA COMMON STOCK EUR 1,401384.04,BG087C6
48,211310,NATIONAL BANK OF KUWAIT SAKP COMMON STOCK KWD 100,548596.85,6889526
49,42103,NEDBANK GROUP LTD COMMON STOCK ZAR 100,436628.81,6628008
50,15105,NOVA LJUBLJANSKA BANKA DD GDR EUR,460453.19,BGRPD22
51,1268490,NOVATEK PJSC COMMON STOCK RUB 0.1,151632.23,X84C972
52,103572,NOVATEK PJSC COMMON STOCK RUB 0.1,12104.76,X84C970
53,3657350,NOVOLIPETSK STEEL PJSC COMMON STOCK RUB,64596.75,X84C97E
54,59164,OPTIMA BANK SA COMMON STOCK EUR 3.45,417357.63,BL571C1
55,182204,PARKIN CO PJSC COMMON STOCK AED 0.02,209173.6,BRRGQF6
56,57145,PIRAEUS FINANCIAL HOLDINGS SA COMMON STOCK EUR 0.93,339861.67,BNC0DB0
57,297730,POLYUS PJSC COMMON STOCK RUB,31197.98,X84D1F8
58,23041,POWSZECHNY ZAKLAD UBEZPIECZEN SA COMMON STOCK PLN 0.1,280687.2,B63DG21
59,262911,QATAR GAS TRANSPORT CO LTD COMMON STOCK QAR 1,243360.4,B0MLBC9
60,173053,QATAR NATIONAL BANK QPSC COMMON STOCK QAR 1,666711.58,6148197
61,54728,RIYAD BANK COMMON STOCK SAR 10,301678.89,B12LZW4
62,8834,RIYADH CABLES GROUP CO COMMON STOCK SAR 10,253161.5,BNBPXW7
63,1677948,ROSNEFT OIL CO PJSC COMMON STOCK RUB,48682.41,X84D1F9
64,2041744,ROSNEFT OIL CO PJSC COMMON STOCK RUB 0.01,57846.57,X84C971
65,6156103,ROSTELECOM PJSC COMMON STOCK RUB,40205.91,X84C978
66,70776,SANLAM LTD COMMON STOCK ZAR 1,282733.46,B0L6750
67,24898,SARANTIS SA EUR1.53,276031.79,7124958
68,97375,SASOL LTD COMMON STOCK ZAR 0,460528.15,6777450
69,36804,SAUDI AWWAL BANK COMMON STOCK SAR 10,241718.06,B12LSY7
70,20472,SAUDI GROUND SERVICES CO COMMON STOCK SAR 10,183233.31,BYYTJ69
71,3026,SAUDIA DAIRY & FOODSTUFF CO COMMON STOCK SAR 10,176138.24,B133P41
72,2355925,SBERBANK OF RUSSIA PJSC,28281.18,X8C6398
73,14455036,SBERBANK OF RUSSIA PJSC PREFERENCE RUB 3,174785.52,X8C6155
74,552780,SEVERSTAL PAO GDR USD,252.86,X84C975
75,23805,SHOPRITE HOLDINGS LTD COMMON STOCK ZAR 113.4,303203.39,6801575
76,174389,SIBANYE STILLWATER LTD COMMON STOCK ZAR,354715.89,BL0L913
77,12313057,SISTEMA PJSFC COMMON STOCK RUB 0.09,14103.62,X84D1F7
78,51656,STANDARD BANK GROUP LTD COMMON STOCK ZAR 10,577436.11,B030GJ7
79,730066,TATNEFT PJSC COMMON STOCK RUB,25207.49,X84C973
80,571359,TATNEFT PJSC PREFERENCE RUB 1,17470.27,X8C6150
81,75226,TCS GROUP HOLDING PLC GDR,1828.19,X8C4FD3
82,234111,TECOM GROUP PJSC COMMON STOCK AED 0.1,158153.43,BLDC8Q1
83,91310,THE SAUDI NATIONAL BANK,739058.92,BSHYYN1
84,57451,TUPRAS-TURKIYE PETROL RAFINE,205492.5,B03MYT9
85,32300,TURK HAVA YOLLARI AO COMMON STOCK TRY 1,170286.38,B03MYK0
86,754840,TURKIYE SIGORTA AS COMMON STOCK TRY 1,168745.93,B03MTD8
87,14665,UNITED ELECTRONICS CO COMMON STOCK SAR,262069.81,B4P2SD7
88,13207,UNITED INTERNATIONAL TRANSPORTATION CO COMMON STOCK SAR 10,197148.02,B2493D0
89,12233,VALTERRA PLATINUM LTD COMMON STOCK ZAR 10,576665.52,6761000
90,4246654,VTB BANK PJSC COMMON STOCK RUB 0.01,39109.88,X8C6392
91,72103,WE BUY CARS HOLDINGS LTD COMMON STOCK ZAR,145647.88,BSB8C80
92,275182,X 5 RETAIL GROUP NV-REGS GDR,1113.0,X8C4FD9
