,Security Description,Security No.,Symbol,Exchange,Currency,Conv Rate,Holding,Market Value
0,ABSA GROUP LTD,BFX05H3,ABG,JSE,ZAC,1,44158,375877.04
1,ABU DHABI ISLAMIC BANK PJSC COMMON STOCK AED 1,6001728,ADIB,ADX,AED,1,117334,515464.7
2,ADES HOLDING CO COMMON STOCK SAR 1,BR56KM3,2382,TADAWUL,SAR,1,108419,371655.55
3,ADNOC LOGISTICS & SERVICES COMMON STOCK AED 1.983,BRBN103,ADNOCLS,ADX,AED,1,420883,500624.93
4,AL RAJHI BANK COMMON STOCK SAR 10,B12LZH9,1120,TADAWUL,SAR,1,54131,1161252.36
5,ALDAR PROPERTIES PJSC COMMON STOCK AED 1,B0LX3Y2,ALDAR,ADX,AED,1,284413,530433.75
6,ALDREES PETROLEUM AND TRANSPORT SERVICES CO COMMON STOCK SAR 10,B128FF8,4200,TADAWUL,SAR,1,7079,220251.89
7,ALKHORAYEF WATER & POWER TECHNOLOGIES CO COMMON STOCK SAR 10,BN33QN1,2081,TADAWUL,SAR,1,8779,267799.4
8,ALPHA BANK SA COMMON STOCK EUR 0.3,BTJZ707,APHBF,OTC,USD,1,108243,323306.19
9,ANGLOGOLD ASHANTI PLC ZAR,BRXH266,AU,NYSE,USD,1,3753,194355.61
10,ARAB NATIONAL BANK COMMON STOCK SAR 10,B12LZK2,1080,TADAWUL,SAR,1,41881,206041.75
11,ARABIAN CENTRES CO COMMON STOCK SAR 10,BKBF694,4321,TADAWUL,SAR,1,69157,305562.57
12,ATHENS INTERNATIONAL AIRPORT SA COMMON STOCK EUR 1,BPYS8N3,AIA,ATHEX,EUR,1,21418,188530.63
13,BANK OF CYPRUS HOLDINGS PLC COMMON STOCK EUR 0.1,BN2BZT5,318,GETTEX,EUR,1,43960,307401.54
14,BENEFIT SYSTEMS SA COMMON STOCK PLN 1,B4XY9X2,0Q3J,LSE,PLN,1,548,354361.03
15,CCC SA COMMON STOCK PLN 0.1,B04QR13,CCC,GPW,PLN,1,3540,110257.48
16,DUBAI ISLAMIC BANK PJSC COMMON STOCK AED 1,6283452,DIB,DFM,AED,1,184728,363660.0
17,ELM CO COMMON STOCK SAR 10,BNYDSH8,7203,TADAWUL,SAR,1,1247,238662.24
18,EMAAR DEVELOPMENT PJSC COMMON STOCK AED 1,BDG1977,EMAARDEV,DFM,AED,1,57584,176604.9
19,EMAAR PROPERTIES PJSC COMMON STOCK AED 1,B01RM25,EMAAR,DFM,AED,1,201080,591692.98
20,EMIRATES INTEGRATED TELECOMMUNICATIONS CO PJSC COMMON STOCK AED 1,B13TMN7,DU,DFM,AED,1,118565,231444.36
21,EUROBANK ERGASIAS SERVICES AND HOLDINGS SA COMMON STOCK EUR 0.22,BYZ43T4,0RCP,LSIN,EUR,1,118590,339730.2
22,FIRSTRAND LTD COMMON STOCK ZAR 1,6606996,FSR,JSE,ZAC,1,148327,535603.62
23,FIX PRICE GROUP LTD GDR,X84CF24,PRIVATE,PRIVATE,RUB,1,577525,4131.93
24,GAZPROM NEFT PJSC COMMON STOCK RUB,X84D1F6,SIBN,RUS,RUB,1,1265335,46610.04
25,GAZPROM PJSC ADR,X84C976,GAZP,RUS,RUB,1,5365084,23741.37
26,GAZPROM PJSC COMMON STOCK RUB,X8C529A,GAZP,RUS,RUB,1,8860909,194225.79
27,GOLD FIELDS LTD COMMON STOCK ZAR 50,6280215,0QQ8,LSE,CHF,1,33759,1005136.59
28,GRUPA KETY SA COMMON STOCK PLN 2.5,5216385,0LV3,LSE,PLN,1,1238,237354.73
29,HALYK SAVINGS BANK OF KAZAKHSTAN JSC GDR USD,B1KDG41,HSBK,LSIN,USD,1,22162,449531.76
30,HARMONY GOLD MINING CO LTD COMMON STOCK ZAR 50,6410562,0J39,LSE,USD,1,35872,458664.6
31,JERONIMO MARTINS SGPS SA COMMON STOCK EUR 1,B1Y1SQ7,0EXG,LSIN,EUR,1,6774,132823.42
32,JPM USD LIQUIDITY LVNAV X (DIST.),7253766,GBPGBP,FX_IDC,GBP,1,1011.54,769.91
33,KASPI.KZ JSC - ADR (SPONSORED) LEVEL III,BJY21K1,KSPI,NASDAQ,USD,1,10590,602183.58
34,KGHM POLSKA MIEDZ SA COMMON STOCK PLN 10,5263251,0O8D,LSIN,PLN,1,10233,409057.72
35,KRUK SA COMMON STOCK PLN 1,B4PTLY0,0Q3Y,LSIN,PLN,1,1803,168841.59
36,KUMBA IRON ORE LTD COMMON STOCK ZAR 0.01,B1G4262,KUMBF,OTC,USD,1,19168,290605.27
37,LEEJAM SPORTS CO JSC COMMON STOCK SAR 10,BF12ZV5,1830,TADAWUL,SAR,1,7120,184678.54
38,LPP SA COMMON STOCK PLN 2,7127979,LPP,GPW,PLN,1,71,262582.93
39,LUKOIL PJSC COMMON STOCK RUB,X84D1F5,LKOH,RUS,RUB,1,262047,124375.2
40,LUKOIL PJSC COMMON STOCK RUB 0.025 RUB,X84C974,LKOH,RUS,RUB,1,362649,176048.21
41,MAGNIT PJSC COMMON STOCK RUB 0.01,X8C505A,MGNT,RUS,RUB,1,180877,51578.73
42,MD MEDICAL GROUP INVESTMENTS PLC GDR USD,X8C6397,MDMG,RUS,RUB,1,432517,18764.3
43,METLEN ENERGY & METALS PLC COMMON STOCK EUR 11,BTQGS77,MTLN,LSE,EUR,1,9734,377535.1
44,MMC NORILSK NICKEL PJSC COMMON STOCK RUB 1,X84C977,GMKN,RUS,RUB,1,7119200,130789.54
45,NAC KAZATOMPROM JSC GDR USD,BGXQL36,KAP,LSIN,USD,1,11905,529171.52
46,NASPERS LTD COMMON STOCK ZAR 2,BV2FFX7,NPN,JSE,ZAC,1,15260,817557.01
47,NATIONAL BANK OF GREECE SA COMMON STOCK EUR 1,BG087C6,0RCR,LSIN,EUR,1,35906,401384.04
48,NATIONAL BANK OF KUWAIT SAKP COMMON STOCK KWD 100,6889526,NBK,KSE,KWF,1,211310,548596.85
49,NEDBANK GROUP LTD COMMON STOCK ZAR 100,6628008,NED,JSE,ZAC,1,42103,436628.81
50,NOVA LJUBLJANSKA BANKA DD GDR EUR,BGRPD22,55VX,LSE,EUR,1,15105,460453.19
51,NOVATEK PJSC COMMON STOCK RUB 0.1,X84C972,NVTK,RUS,RUB,1,1268490,151632.23
52,NOVATEK PJSC COMMON STOCK RUB 0.1,X84C970,NVTK,RUS,RUB,1,103572,12104.76
53,NOVOLIPETSK STEEL PJSC COMMON STOCK RUB,X84C97E,NLMK,RUS,RUB,1,3657350,64596.75
54,OPTIMA BANK SA COMMON STOCK EUR 3.45,BL571C1,OPTIMA,ATHEX,EUR,1,59164,417357.63
55,PARKIN CO PJSC COMMON STOCK AED 0.02,BRRGQF6,PARKIN,DFM,AED,1,182204,209173.6
56,PIRAEUS FINANCIAL HOLDINGS SA COMMON STOCK EUR 0.93,BNC0DB0,0RTY,LSIN,EUR,1,57145,339861.67
57,POLYUS PJSC COMMON STOCK RUB,X84D1F8,PLZL,RUS,RUB,1,297730,31197.98
58,POWSZECHNY ZAKLAD UBEZPIECZEN SA COMMON STOCK PLN 0.1,B63DG21,PZU,GPW,PLN,1,23041,280687.2
59,QATAR GAS TRANSPORT CO LTD COMMON STOCK QAR 1,B0MLBC9,QGTS,QSE,QAR,1,262911,243360.4
60,QATAR NATIONAL BANK QPSC COMMON STOCK QAR 1,6148197,QNBK,QSE,QAR,1,173053,666711.58
61,RIYAD BANK COMMON STOCK SAR 10,B12LZW4,1010,TADAWUL,SAR,1,54728,301678.89
62,RIYADH CABLES GROUP CO COMMON STOCK SAR 10,BNBPXW7,4142,TADAWUL,SAR,1,8834,253161.5
63,ROSNEFT OIL CO PJSC COMMON STOCK RUB,X84D1F9,ROSN,RUS,RUB,1,1677948,48682.41
64,ROSNEFT OIL CO PJSC COMMON STOCK RUB 0.01,X84C971,ROSN,RUS,RUB,1,2041744,57846.57
65,ROSTELECOM PJSC COMMON STOCK RUB,X84C978,RTKM,RUS,RUB,1,6156103,40205.91
66,SANLAM LTD COMMON STOCK ZAR 1,B0L6750,SLM,JSE,ZAC,1,70776,282733.46
67,SARANTIS SA EUR1.53,7124958,SAR,ATHEX,EUR,1,24898,276031.79
68,SASOL LTD COMMON STOCK ZAR 0,6777450,SOL,JSE,ZAC,1,97375,460528.15
69,SAUDI AWWAL BANK COMMON STOCK SAR 10,B12LSY7,1060,TADAWUL,SAR,1,36804,241718.06
70,SAUDI GROUND SERVICES CO COMMON STOCK SAR 10,BYYTJ69,4031,TADAWUL,SAR,1,20472,183233.31
71,SAUDIA DAIRY & FOODSTUFF CO COMMON STOCK SAR 10,B133P41,2270,TADAWUL,SAR,1,3026,176138.24
72,SBERBANK OF RUSSIA PJSC,X8C6398,SBER,RUS,RUB,1,2355925,28281.18
73,SBERBANK OF RUSSIA PJSC PREFERENCE RUB 3,X8C6155,SBER,RUS,RUB,1,14455036,174785.52
74,SEVERSTAL PAO GDR USD,X84C975,CHMF,RUS,RUB,1,552780,252.86
75,SHOPRITE HOLDINGS LTD COMMON STOCK ZAR 113.4,6801575,SHP,JSE,ZAC,1,23805,303203.39
76,SIBANYE STILLWATER LTD COMMON STOCK ZAR,BL0L913,SSW,JSE,ZAC,1,174389,354715.89
77,SISTEMA PJSFC COMMON STOCK RUB 0.09,X84D1F7,AFKS,RUS,RUB,1,12313057,14103.62
78,STANDARD BANK GROUP LTD COMMON STOCK ZAR 10,B030GJ7,SBK,JSE,ZAC,1,51656,577436.11
79,TATNEFT PJSC COMMON STOCK RUB,X84C973,TATN,RUS,RUB,1,730066,25207.49
80,TATNEFT PJSC PREFERENCE RUB 1,X8C6150,TATNP,RUS,RUB,1,571359,17470.27
81,TCS GROUP HOLDING PLC GDR,X8C4FD3,TCSG,RUS,RUB,1,75226,1828.19
82,TECOM GROUP PJSC COMMON STOCK AED 0.1,BLDC8Q1,TECOM,DFM,AED,1,234111,158153.43
83,THE SAUDI NATIONAL BANK,BSHYYN1,1180,TADAWUL,SAR,1,91310,739058.92
84,TUPRAS-TURKIYE PETROL RAFINE,B03MYT9,TUPRS,BIST,TRY,1,57451,205492.5
85,TURK HAVA YOLLARI AO COMMON STOCK TRY 1,B03MYK0,THYAO,BIST,TRY,1,32300,170286.38
86,TURKIYE SIGORTA AS COMMON STOCK TRY 1,B03MTD8,RAYSG,BIST,TRY,1,754840,168745.93
87,UNITED ELECTRONICS CO COMMON STOCK SAR,B4P2SD7,4003,TADAWUL,SAR,1,14665,262069.81
88,UNITED INTERNATIONAL TRANSPORTATION CO COMMON STOCK SAR 10,B2493D0,4260,TADAWUL,SAR,1,13207,197148.02
89,VALTERRA PLATINUM LTD COMMON STOCK ZAR 10,6761000,VAL,JSE,ZAC,1,12233,576665.52
90,VTB BANK PJSC COMMON STOCK RUB 0.01,X8C6392,VTBR,RUS,RUB,1,4246654,39109.88
91,WE BUY CARS HOLDINGS LTD COMMON STOCK ZAR,BSB8C80,WBC,JSE,ZAC,1,72103,145647.88
92,X 5 RETAIL GROUP NV-REGS GDR,X8C4FD9,X5,RUS,RUB,1,275182,1113.0
